<?xml version="1.0" encoding="utf-8"?>
<extension version="3.3" type="plugin" group="content" method="upgrade">
        <name>Erweiterung Menüparameter</name>
		<creationDate>30-03-2015</creationDate>
		<author>Webconcept / Claudia Oerter</author>
		<authorEmail>info@das-webconcept.de</authorEmail>
		<copyright>Copyright (C) 2015 das-webconcept</copyright>
		<description>PLG_ADVANCEDMENUPARAMS_DESC</description>
		<files>
                <filename plugin="advancedmenuparams">advancedmenuparams.php</filename>
                <filename>index.html</filename>
				<folder>forms</folder>
        </files>
		
		<languages folder="language">                                
			<language tag="de-DE">de-DE/de-DE.plg_content_advancedmenuparams.ini</language>
			<language tag="en-GB">en-GB/en-GB.plg_content_advancedmenuparams.sys.ini</language>
			<language tag="de-DE">de-DE/de-DE.plg_content_advancedmenuparams.sys.ini</language>
			<language tag="en-GB">en-GB/en-GB.plg_content_advancedmenuparams.ini</language>

		</languages>
</extension>